3110	ar1	2	2	1
AAinslie	novaspivack	1	1	1
Agile_Cat	Nakada_itpro	1	1	1
Agile_Cat	chnt2010	2	1	1
Agile_Cat	n_yana	1	2	1
Agile_Cat	okachimachiorz	2	6	1
Agile_Cat	shita	1	1	1
Agile_Cat	shot6	4	2	1
AndrewLampitt	mikeferguson1	1	1	1
AntoineTwitts	flowingdata	1	1	1
AuntiSpam	moomdede	2	1	1
BadCaseOfDaWins	dysinger	1	2	1
Beaker	wattersjames	1	1	1
BlueBoxTraveler	Hakcer	1	1	1
BlueBoxTraveler	LusciousPear	1	1	1
BlueBoxTraveler	hornbeck	1	1	1
BlueBoxTraveler	jmhodges	2	2	1
BlueBoxTraveler	ryanobjc	2	2	1
CMastication	bradfordcross	1	1	1
CMastication	esammer	2	8	1
CMastication	jaredlander	2	1	1
CMastication	kenahoo	3	1	1
CMastication	peteskomoroch	4	7	1
CMastication	rjurney	3	1	1
ChrisDiehl	DataJunkie	1	2	1
ChrisDiehl	jakehofman	1	1	1
ChrisDiehl	peteskomoroch	3	1	1
CouchDB	aslak_hellesoy	1	1	1
CouchDB	aviars	2	1	1
DataJunkie	atulskulkarni	2	3	1
DataJunkie	bradfordcross	1	2	1
DataJunkie	communicating	2	1	1
DataJunkie	cwensel	1	1	1
DataJunkie	nealrichter	1	3	1
DataJunkie	peteskomoroch	1	1	1
DataJunkie	shaunhess	1	1	1
DataJunkie	stevejb	1	1	1
DataJunkie	vsbuffalo	1	1	1
DirkSunValley	jessesanford	1	1	1
DonMacAskill	sethweiner	1	1	1
DrQz	gwenshap	1	1	1
EventCloudPro	ccgillett	1	2	1
EventCloudPro	darachennis	1	3	1
EventCloudPro	jameskobielus	5	4	1
EventCloudPro	john_avery	5	2	1
FrancescoC	williamsjoe	1	1	1
FrankVanHarmele	Rchards	1	1	1
FunnelFiasco	jordansissel	1	4	1
FunnelFiasco	tonyreinhart	1	1	1
GregRahn	neilkod	1	1	1
Guutara	kzk_mover	1	1	1
HeathWilkes	rjurney	1	4	1
HenryR	phunt	1	2	1
Hicks_PAX	LusciousPear	1	1	1
JAdP	botchagalupe	1	1	1
JAdP	krishnan	1	1	1
James_Rubino	aaroncordova	1	1	1
James_Rubino	duydo	1	2	1
James_Rubino	vermorel	1	1	1
JayRWren	dmarsh	2	1	1
KuniSuzaki	sakaiat	1	2	1
LauJensen	disclojure	1	1	1
LazyShion	nogamiryj	1	1	1
LeeBillings	Oryctolagus	1	1	1
LusciousPear	alisohani	3	2	1
LusciousPear	bradfordcross	3	3	1
LusciousPear	dysinger	2	3	1
LusciousPear	groovetini	2	1	1
LusciousPear	iamdietrich	2	1	1
LusciousPear	idefine	2	1	1
LusciousPear	ivanassen	1	1	1
LusciousPear	kevinweil	2	1	1
LusciousPear	kkrugler	1	1	1
LusciousPear	mikeolson	3	1	1
LusciousPear	strlen	1	2	1
LusciousPear	tlipcon	2	1	1
MarkGStacey	rolandbouman	1	1	1
Masahito	voluntas	1	1	1
MishaMalamud	botchagalupe	4	1	1
Nakada_itpro	ar1	2	1	1
Nakada_itpro	ichiro_satoh	2	2	1
Nakada_itpro	normalian	2	3	1
Nakada_itpro	okachimachiorz	1	2	1
Nakada_itpro	shot6	3	3	1
NeilRaden	SethGrimes	1	2	1
NetNoir	toluju	1	2	1
PatrickTulskie	eachus	1	2	1
PaulMiller	scilib	1	1	1
Quesada	tinjaw	1	1	1
Rchards	tommyh	1	1	1
RobertTheGrey	ayende	1	1	1
RyanBalfanz	marksands	2	3	1
SeanChittenden	neil_conway	1	1	1
StevenWalling	donpdonp	2	1	1
TechnologyIowa	wadearnold	1	1	1
TheColonial	mat_kelcey	1	1	1
TiredFairy	esammer	1	1	1
TylerCoffin	jeffhorrocks	2	6	1
Wimet	ueshin	1	1	1
WiredBarn	kevinweil	2	1	1
XMLSDK	chpapa	1	1	1
__ciruzzo__	myui	1	1	1
_hgavin	mrflip	1	1	1
aadnoll	svdgraaf	1	1	1
aalmiray	wmacgyver	1	2	1
aaronblew	tlockney	1	1	1
aaroncordova	drewfarris	1	1	1
achimnol	eddieyoon	1	1	1
adpowers	rckenned	1	3	1
adr	kendrak	1	2	1
afugate	hornbeck	2	1	1
akitada	squarecog	1	1	1
akitada	tanarky	2	1	1
al3x	mattrepl	1	1	1
al3xandru	smn	1	1	1
alexdong	mat_kelcey	3	1	1
alexiskold	andraz	1	1	1
alexvega	eduo	1	2	1
alisohani	keithsthomas	1	1	1
alisohani	peterneubauer	1	1	1
ancechu	xamat	2	1	1
andefred	iconara	1	1	1
andraz	refaktor	2	1	1
andreisavu	hannescarlmeyer	2	1	1
andrewdeandrade	infoarbitrage	1	3	1
andrewmccall	codemonkeyism	2	3	1
arikfr	guy	2	1	1
arisohn	scotchi	1	1	1
arjunram	kshashi	1	2	1
ashigeru	okachimachiorz	5	9	1
ashigeru	shot6	3	3	1
averyj	cwoodruff	2	1	1
awadallah	squarecog	1	1	1
ayende	joshcoffman	1	1	1
basking2	sosiouxm3	1	1	1
bbrowning	seancribbs	1	1	1
bbuck153	campbellmichael	1	1	1
be_b	finegameofnil	2	1	1
benhardy	parand	1	1	1
bfoo	sascha242	1	1	1
bjd145	jasoncwarner	3	1	1
boggle	momo13	1	1	1
boorad	jpatanooga	1	1	1
botchagalupe	chriscurtin	5	1	1
botchagalupe	dmcclure	3	2	1
botchagalupe	michaelwilde	3	6	1
botchagalupe	monkchips	1	2	1
botchagalupe	rjurney	5	5	1
botchagalupe	tensigma	4	6	1
bradfordcross	cemerick	1	1	1
bradfordcross	dysinger	1	2	1
bradfordcross	liebke	1	1	1
bradfordcross	ogrisel	1	2	1
bradfordcross	peteskomoroch	2	1	1
bradfordcross	stuartsierra	1	2	1
brendengrace	rduplain	1	2	1
brenes	pfcdgayo	1	5	1
brockpalen	laforgetm	1	1	1
carlcarrie	edyavno	4	2	1
ccgillett	dcancel	1	4	1
ccgillett	esammer	1	1	1
ccgillett	mikeolson	1	1	1
ccgillett	parulia	2	2	1
cemerick	xefyr	2	2	1
cestpasdur	gdarmont	1	1	1
chaeso	gilbok	3	1	1
chanshik	javadance	1	2	1
charlesnw	kweiner	2	1	1
chkal	mwessendorf	1	1	1
chl	ogrisel	2	1	1
choas	stuartsierra	2	1	1
ciurana	dhonig	1	1	1
clemesha	parand	1	1	1
clemesha	scalar	1	1	1
cloudera	cwire4	2	2	1
cloudera	efic1	2	1	1
cloudera	kevinweil	2	2	1
codypo	mrflip	2	2	1
cognizr	deliprao	1	2	1
combacsa	silente0	1	1	1
cqa02303	muddydixon	1	1	1
craig_macdonald	ian_soboroff	6	1	1
crodas	felipernb	2	1	1
cwensel	ogrisel	1	1	1
danfairs	drsm79	2	1	1
danielraffel	deprimer	1	1	1
darthtrevino	xefyr	1	1	1
davidgreco	esammer	1	1	1
dbalatero	gsingers	1	1	1
dbmoore	nenshad	2	2	1
dbmoore	theitskeptic	1	1	1
deliprao	lintool	6	12	1
dentomo	shot6	1	1	1
derekbrown7	esammer	2	2	1
dfranke	tsally	1	1	1
djspiewak	toluju	1	1	1
drewconway	gutelius	1	1	1
dwhsix	esammer	1	1	1
dysinger	elight	3	2	1
echo_khannedy	panggi	1	1	1
editchick	svcotton	1	1	1
eliast	mallipeddi	1	1	1
eliast	olemartin	1	1	1
endamadden	jdrumgoole	1	1	1
eriwen	jaredrichardson	2	1	1
esammer	phuff	1	1	1
esammer	r15habh	1	1	1
esammer	shift9	2	5	1
esteban	mancha	2	1	1
esteve	jasonjwwilliams	1	1	1
eugeneiiim	mndoci	1	1	1
evankuo	jingsong	1	1	1
extelligence0	tarox	1	2	1
falicon	lmai	1	1	1
floleibert	mnshah	1	1	1
flowolf	rene_kapusta	1	1	1
frabcus	markng	1	1	1
frank06	justinsheehy	1	1	1
frumpa	rbieber	1	1	1
fujibee	marblejenka	2	7	1
fujibee	okachimachiorz	2	3	1
gabvirtualworld	vRobM	1	2	1
garethr	robertlofthouse	1	1	1
gblnetwkr	kmullins	2	1	1
github	pda	1	1	1
givemeascream	xamat	1	2	1
gleicon	tlipcon	2	1	1
gracerodriguez	inspired12	2	1	1
hackingdata	jordansissel	1	1	1
hackingdata	peteskomoroch	1	4	1
hamiltonulmer	sudara	1	1	1
hengdm	yangzhe1990	1	1	1
hkolk	soplakanets	1	2	1
huyhong	kyleford	1	1	1
ichiro_satoh	kazunori_279	1	1	1
idefine	lintool	1	2	1
imyousuf	rajputro	1	3	1
infochimps	lenbust	1	2	1
infochimps	tectonic	1	1	1
infochimps	walshmichael	1	1	1
invisiblejules	mndoci	2	2	1
istweetingcool	neil_conway	1	1	1
itawasa	ys3	1	3	1
itwasntandy	tcurdt	1	1	1
itworks	mikeferguson1	1	2	1
jandot	mndoci	1	1	1
jasonrutherglen	otisg	1	2	1
jatorre	joaquindiez	2	1	1
javaboom	prasert	5	2	1
jchris	tlockney	1	1	1
jdhok	thequark	1	1	1
jeppec	sbtourist	1	1	1
jmhodges	kevinweil	1	2	1
jmhodges	technomancy	1	1	1
jniino	kazunori_279	1	2	1
john_avery	tibbetts	2	2	1
johnwohn	mrflip	1	2	1
jordansissel	tlipcon	1	1	1
josek_net	yaiza	1	1	1
jpatanooga	lintool	1	2	1
jpatanooga	tensigma	2	2	1
just_do_neet	waysaku	1	1	1
jwelshiv	kbuffington	1	2	1
jwtodd	moonpolysoft	1	1	1
kamipo	sasata299	1	1	1
katzchang	ytsuboi	1	2	1
keisuke_n	kis	2	1	1
kevinnuckolls	olabini	1	1	1
kevinweil	kevsmith	1	1	1
kevinweil	lintool	2	1	1
kevinweil	mikeolson	1	1	1
kevinweil	nicktj	1	2	1
kevinweil	tlipcon	1	2	1
key3	masahif	1	1	1
kimtea	okachimachiorz	1	1	1
kis	osacaz4	1	3	1
kitora_naoki	mitoma_ryo	1	1	1
klbostee	peteskomoroch	1	1	1
klbostee	skr	1	1	1
klbostee	toluju	1	1	1
klenert	tlipcon	1	3	1
konarkmodi	piykumar	1	1	1
koyhoge	takoratta	1	1	1
krudin	nenshad	1	3	1
ku_suke	sumihiro	1	1	1
kuenishi	shot6	2	1	1
kuenishi	yssk22	1	1	1
kumagi	okachimachiorz	1	7	1
kzk_mover	yamaz	4	2	1
larsgeorge	ziromr	1	1	1
lawouach	tarek_ziade	1	1	1
lenbust	notquiteabba	1	1	1
lenn0x	tlipcon	1	1	1
lintool	peteskomoroch	1	1	1
livecipher	rjurney	2	2	1
loogaroo	rgaidot	2	2	1
lucagrulla	ziobrando	1	1	1
lucasbz	rafaelfuchs	1	1	1
lukevenediger	mat_kelcey	2	3	1
m_mouri	shot6	1	1	1
m_mouri	tatsuya6502	1	5	1
m_mouri	yukotan	1	1	1
macbook	willow0jp	1	3	1
makeplex	n_yana	1	1	1
mamoruk	tettsyun	6	3	1
manikandakumar	shanmuganandhg	1	1	1
manu3da4	ohtsuki	2	1	1
maokit	n_yana	1	3	1
markgunnels	stuartsierra	1	1	1
matthewmccull	pwiedel	1	2	1
mediaslave	paolicelli	3	2	1
metcalfc	nealrichter	2	4	1
mhaller1979	rjurney	2	1	1
mich8elwu	znmeb	1	1	1
michaelneale	twasink	1	1	1
michaelwilde	rjurney	6	8	1
mikeee	sh1mmer	4	3	1
mitchitized	sukhchander	2	1	1
mmcgrana	ogrisel	1	1	1
mndoci	mrflip	2	2	1
mndoci	peteskomoroch	3	1	1
mndoci	xefyr	1	1	1
mndoci	yokofakun	2	2	1
moonpolysoft	tlipcon	1	1	1
mrflip	ogrisel	1	1	1
mrflip	tkb	1	1	1
mrflip	tom_e_white	1	1	1
mturilin	platformlead	1	1	1
n_yana	okachimachiorz	2	1	1
n_yana	osacaz4	1	2	1
n_yana	redhotstar	1	2	1
n_yana	ushiday	2	1	1
nealrichter	neil_conway	1	1	1
nealrichter	peteskomoroch	3	2	1
nealrichter	samtingleff	3	2	1
neil_conway	squarecog	1	1	1
neilkod	padjiman	4	2	1
nemoton	ryu_kobayashi	2	1	1
neofreko	rampok	1	2	1
nicktj	toomasr	1	1	1
niteshbhatia	rootuser	1	1	1
nokuno	okachimachiorz	1	3	1
nsharp_2ch	shot6	4	6	1
ogrisel	pbrane	3	1	1
okachimachiorz	ryu_kobayashi	1	1	1
okachimachiorz	shot6	3	5	1
okoba23	shinodogg	1	1	1
paming	tatakaba	1	1	1
patrichards	xcbsmith	1	1	1
pbrane	peteskomoroch	1	2	1
pbrane	xefyr	1	1	1
pfreet	rjurney	1	1	1
phelo	xamat	2	1	1
philwhln	rjray	2	1	1
philwhln	rjurney	2	2	1
plank10	romeosidvicious	1	1	1
randybias	tmornini	2	1	1
redhotstar	tatsuya6502	1	5	1
rjurney	squarecog	2	1	1
rjurney	znbailey	2	2	1
ryanobjc	spyced	1	1	1
ryoff	sasata299	1	1	1
sakacc	ssauer	1	1	1
shot6	tamagawa_ryuji	1	1	1
shot6	voluntas	2	2	1
sideshowbarker	soypunk	1	1	1
strlen	tgibbs	1	1	1
summatusmentis	weikaolun	1	1	1
tableau	the_tim	1	1	1
takao_nakagawa	yhiro_twr	1	1	1
thebigjc	thecryptic	1	1	1
